type,label,timestamp,value
messages,"Alex",2025-01-03T21:51:00,19
messages,"Sam",2025-01-04T10:50:00,18
messages,"Alex",2025-01-07T22:25:00,65
messages,"Alex",2025-01-11T20:12:00,64
messages,"Alex",2025-01-15T22:34:00,28
messages,"Alex",2025-01-19T21:36:00,69
messages,"Alex",2025-01-23T20:37:00,41
messages,"Alex",2025-02-03T20:20:00,68
messages,"Jordan",2025-02-04T14:15:00,9
messages,"Alex",2025-02-07T20:39:00,55
messages,"Alex",2025-02-11T21:39:00,70
messages,"Noah",2025-02-13T20:52:00,4
messages,"Alex",2025-02-15T20:59:00,57
messages,"Noah",2025-02-18T07:16:00,27
messages,"Zoe",2025-02-19T12:11:00,15
messages,"Alex",2025-02-19T21:25:00,68
messages,"Alex",2025-02-23T20:09:00,39
messages,"Alex",2025-03-01T18:14:00,10
messages,"Alex",2025-03-03T22:06:00,62
messages,"Alex",2025-03-07T22:39:00,21
messages,"Alex",2025-03-11T21:33:00,33
messages,"Leo",2025-03-12T18:23:00,2
messages,"Zoe",2025-03-14T10:19:00,18
messages,"Alex",2025-03-15T20:21:00,18
messages,"Alex",2025-03-19T18:35:00,3
messages,"Alex",2025-03-19T22:03:00,31
messages,"Alex",2025-03-23T21:24:00,47
messages,"Alex",2025-04-03T20:05:00,45
messages,"Alex",2025-04-07T20:51:00,37
messages,"Alex",2025-04-09T19:06:00,24
messages,"Alex",2025-04-11T22:55:00,21
messages,"Alex",2025-04-15T22:49:00,31
messages,"Alex",2025-04-19T20:18:00,49
messages,"Alex",2025-04-23T22:42:00,25
messages,"Alex",2025-05-03T21:21:00,31
messages,"Alex",2025-05-07T22:49:00,50
messages,"Priya",2025-05-11T10:41:00,6
messages,"Alex",2025-05-11T21:08:00,29
messages,"Alex",2025-05-15T22:25:00,25
messages,"Alex",2025-05-19T22:58:00,15
messages,"Alex",2025-05-23T22:56:00,44
messages,"Alex",2025-06-02T10:32:00,19
messages,"Alex",2025-06-03T22:51:00,58
messages,"Jordan",2025-06-04T18:11:00,12
messages,"Alex",2025-06-07T20:08:00,69
messages,"Alex",2025-06-11T22:06:00,55
messages,"Zoe",2025-06-14T07:23:00,12
messages,"Alex",2025-06-15T22:12:00,70
messages,"Alex",2025-06-19T21:28:00,40
messages,"Sam",2025-06-23T19:27:00,4
messages,"Alex",2025-06-23T22:56:00,66
messages,"Alex",2025-07-03T20:13:00,32
messages,"Zoe",2025-07-07T16:06:00,10
messages,"Alex",2025-07-07T22:28:00,43
messages,"Alex",2025-07-11T20:15:00,63
messages,"Jordan",2025-07-14T07:10:00,13
messages,"Alex",2025-07-15T20:24:00,25
messages,"Alex",2025-07-19T22:36:00,42
messages,"Priya",2025-07-23T12:24:00,12
messages,"Alex",2025-07-23T20:38:00,33
messages,"Sam",2025-07-26T09:18:00,26
messages,"Alex",2025-08-03T22:26:00,57
messages,"Alex",2025-08-07T22:47:00,53
messages,"Alex",2025-08-11T22:41:00,65
messages,"Alex",2025-08-15T22:00:00,16
messages,"Alex",2025-08-19T20:14:00,26
messages,"Alex",2025-08-23T22:25:00,71
messages,"Dad",2025-08-27T11:53:00,20
messages,"Alex",2025-09-03T22:55:00,52
messages,"Mom",2025-09-05T07:29:00,25
messages,"Alex",2025-09-07T21:37:00,49
messages,"Alex",2025-09-11T21:34:00,44
messages,"Alex",2025-09-15T21:04:00,25
messages,"Jordan",2025-09-18T12:57:00,25
messages,"Alex",2025-09-19T20:05:00,39
messages,"Alex",2025-09-23T21:40:00,39
messages,"Alex",2025-10-03T22:11:00,54
messages,"Alex",2025-10-07T21:37:00,30
messages,"Alex",2025-10-11T20:35:00,46
messages,"Alex",2025-10-15T21:58:00,50
messages,"Sam",2025-10-18T19:38:00,24
messages,"Alex",2025-10-19T21:14:00,23
messages,"Alex",2025-10-23T22:11:00,63
messages,"Alex",2025-10-25T13:35:00,24
messages,"Alex",2025-11-03T20:58:00,62
messages,"Alex",2025-11-07T20:14:00,38
messages,"Alex",2025-11-11T21:05:00,27
messages,"Alex",2025-11-15T22:23:00,32
messages,"Alex",2025-11-19T20:46:00,29
messages,"Noah",2025-11-20T20:22:00,12
messages,"Sam",2025-11-21T18:29:00,24
messages,"Alex",2025-11-23T20:41:00,64
messages,"Zoe",2025-11-25T19:01:00,26
messages,"Alex",2025-12-03T22:25:00,15
messages,"Mom",2025-12-06T15:11:00,26
messages,"Alex",2025-12-07T21:45:00,72
messages,"Alex",2025-12-11T20:27:00,24
messages,"Alex",2025-12-15T22:06:00,66
messages,"Alex",2025-12-19T22:34:00,60
messages,"Alex",2025-12-23T22:58:00,45
